Preprocessing,MAE,RMSE,R2
Raw Data,3.4258045836475226,19.801560514577222,0.9445283945994526
Imputation,3.4251751689564234,19.824341242704296,0.9444006864358887
Scaling + Encoding,3.4343967176603836,20.507261908392227,0.940504070157458
Full Pipeline,3.4343967176603836,20.507261908392227,0.940504070157458
